{"cameraMode":{"drawMode":0,"name":"Shaded","section":"Shading Mode"},"sceneLighting":true,"audioPlay":false,"sceneViewState":{"showFog":true,"showMaterialUpdate":false,"showSkybox":true,"showFlares":true,"showImageEffects":true,"showParticleSystems":true},"in2DMode":false,"pivot":{"x":65.27681732177735,"y":-617.3489379882813,"z":582.0301513671875},"rotation":{"x":-0.41268566250801089,"y":-0.006323833484202623,"z":0.0027751571033149959,"w":-0.9108856320381165},"size":545.3375854492188,"orthographic":false}