{"cameraMode":{"drawMode":0,"name":"Shaded","section":"Shading Mode"},"sceneLighting":true,"audioPlay":false,"sceneViewState":{"showFog":true,"showMaterialUpdate":false,"showSkybox":true,"showFlares":true,"showImageEffects":true,"showParticleSystems":true},"in2DMode":false,"pivot":{"x":19.950443267822267,"y":6.803546905517578,"z":52.649139404296878},"rotation":{"x":0.15268152952194215,"y":-0.019274281337857248,"z":0.002980143064633012,"w":0.9880845546722412},"size":80.04230499267578,"orthographic":false}