{"cameraMode":{"drawMode":0,"name":"Shaded","section":"Shading Mode"},"sceneLighting":true,"audioPlay":false,"sceneViewState":{"showFog":true,"showMaterialUpdate":false,"showSkybox":true,"showFlares":true,"showImageEffects":true,"showParticleSystems":true},"in2DMode":false,"pivot":{"x":11.981046676635743,"y":21.878517150878908,"z":5.636595249176025},"rotation":{"x":0.512850821018219,"y":0.004119629506021738,"z":-0.002453740919008851,"w":0.8584814071655273},"size":10.0,"orthographic":false}