{"cameraMode":{"drawMode":0,"name":"Shaded","section":"Shading Mode"},"sceneLighting":true,"audioPlay":false,"sceneViewState":{"showFog":true,"showMaterialUpdate":false,"showSkybox":true,"showFlares":true,"showImageEffects":true,"showParticleSystems":true},"in2DMode":false,"pivot":{"x":-0.6419143676757813,"y":-828.5120849609375,"z":989.1685791015625},"rotation":{"x":0.3446604311466217,"y":-0.01266575139015913,"z":0.004682993516325951,"w":0.9386751651763916},"size":694.5116577148438,"orthographic":false}