{"cameraMode":{"drawMode":0,"name":"Shaded","section":"Shading Mode"},"sceneLighting":true,"audioPlay":false,"sceneViewState":{"showFog":true,"showMaterialUpdate":false,"showSkybox":true,"showFlares":true,"showImageEffects":true,"showParticleSystems":true},"in2DMode":false,"pivot":{"x":7.119189262390137,"y":-6.753023147583008,"z":-0.7257919311523438},"rotation":{"x":-0.4526944160461426,"y":0.04458269849419594,"z":-0.022822372615337373,"w":-0.8903346657752991},"size":36.02028274536133,"orthographic":false}