{"cameraMode":{"drawMode":0,"name":"Shaded","section":"Shading Mode"},"sceneLighting":true,"audioPlay":false,"sceneViewState":{"showFog":true,"showMaterialUpdate":false,"showSkybox":true,"showFlares":true,"showImageEffects":true,"showParticleSystems":true},"in2DMode":false,"pivot":{"x":-921.7346801757813,"y":-516.74560546875,"z":-148.18185424804688},"rotation":{"x":-0.16091659665107728,"y":0.7413471341133118,"z":-0.1916121542453766,"w":-0.6227973103523254},"size":671.3746337890625,"orthographic":false}