{"cameraMode":{"drawMode":0,"name":"Shaded","section":"Shading Mode"},"sceneLighting":true,"audioPlay":false,"sceneViewState":{"showFog":true,"showMaterialUpdate":false,"showSkybox":true,"showFlares":true,"showImageEffects":true,"showParticleSystems":true},"in2DMode":false,"pivot":{"x":24.228288650512697,"y":-25.26763153076172,"z":61.24665451049805},"rotation":{"x":0.29780492186546328,"y":-0.011401026509702206,"z":0.0037781812716275455,"w":0.9546259641647339},"size":57.12236022949219,"orthographic":false}